Static_Variable,rf,lr,dt,svm,knn,xgb,gb,ada,et
LactNo,0.004913204145333417,-0.14118698045801661,0.0,0.009638697725176764,0.006384955963814753,0.0,0.00027494540534681836,0.0,0.010096309319717252
ColCalvInt,0.0,0.0,0.0,0.0,0.0,0.0,0.0,0.0,0.0
Male,0.0,0.0,0.0,0.0,0.0,0.0,0.0,0.0,0.0
StillBirth,0.025433422244624262,-0.08267504120012437,0.04619584152315455,-0.012784517928173483,0.000799909452820069,0.017785706,0.020358586185745497,0.0,0.023297275186940504
Twins,0.022965196570853174,0.18784387419077153,0.0,0.037899172782378365,0.009580460248966449,0.031378005,0.02473989317468238,0.0,0.02312925778248116
Dystocia,0.02050094740595532,0.12091859697481012,0.012173097840629124,0.05436734338458488,-0.005092986983810044,0.009197394,0.017505030020724052,0.0,0.02397937286816657
RP,0.020512839866317807,-0.010999541646010191,0.0,-0.009664494365854794,0.003617045343361569,0.027163956,0.017312248524242263,0.0,0.022749643408337742
VLS,0.023330051564978548,0.33080771521616387,0.05278770861345583,0.056690919936374456,-0.008179502598333143,0.034339156,0.0316200136088041,0.0,0.0216843910130406
